{
  "project_info": {
    "project_number": "726685247280",
    "firebase_url": "https://moviedb-9db6b-default-rtdb.firebaseio.com",
    "project_id": "moviedb-9db6b",
    "storage_bucket": "moviedb-9db6b.appspot.com"
  },
  "client": [
    {
      "client_info": {
        "mobilesdk_app_id": "1:726685247280:android:7a6fd1a962ebdad93c0af5",
        "android_client_info": {
          "package_name": "com.example.movie"
        }
      },
      "oauth_client": [
        {
          "client_id": "726685247280-asebo1bfa9fstmin09n29v507hjj2h40.apps.googleusercontent.com",
          "client_type": 3
        }
      ],
      "api_key": [
        {
          "current_key": "AIzaSyC4nrnJNNgtORrckMNJqHmFsBH7Ck4Yb94"
        }
      ],
      "services": {
        "appinvite_service": {
          "other_platform_oauth_client": [
            {
              "client_id": "726685247280-asebo1bfa9fstmin09n29v507hjj2h40.apps.googleusercontent.com",
              "client_type": 3
            }
          ]
        }
      }
    }
  ],
  "configuration_version": "1"
}